Rank 2020 ,Rank 2019,Name,Peer Group (CKIG),Peer Group Rank,Country, Energy Productivity  ,Energy Productivity Score, Carbon Productivity  ,Carbon Productivity Score, Water Productivity  ,Water Productivity Score, Waste Productivity  ,Waste Productivity Score,Innovation Capacity Percent  ,Innovation Capacity Score,% Taxes Paid,% Taxes Paid Score, CEO-Average Worker Pay Ratio ,CEO-Average Worker Pay Score, Sum of DB and DC contributions/FTE  ,Sum of DB and DC contributions/FTE  Score, Fair value of plan assets/FTE  ,Fair value of plan assets/FTE  Score,Fair value/projected benefit obligation Percent ,Fair value/projected benefit obligation  Score,Pension Fund Status, Lost-time Injury Rate  ,Lost-time Injury Rate  Score, Fatalities per FTE employee  ,Fatalities per FTE employee Score ,Employee Turnover Rate ,Employee Turnover Score,% Women on Board ,% Women Senior Executives ,% Women on Board  Score,% Women Senior Executives  Score,Sustainability Paylink Score, VOC Productivity  , NOx Productivity  , SOx Productivity  , PM  Productivity  ,VOC Productivity Score,NOx Productivity Score,SOx Productivity Score,PM  Productivity Score,Supplier Score ,% Clean Revenues,Clean Revenue Score,Fines deduction,Overall Score,,Energy Productivity - Weight,Carbon Productivity - Weight,Water Productivity - Weight,Waste Productivity - Weight,R&D/revenue 2016 - 2018 Score,Cash taxes paid ratio - Weight,CEO-Average Worker Pay ratio - Weight,Pension Fund Status - Weight,Injuries - Weight,Fatalities - Weight,Employee turnover - Weight,Women in Executive Management - Weight,Women on Board - Weight,Sustainability Paylink - Weight,NOX Productivity - Weight,VOC Productivity - Weight,PM Productivity - Weight,SOX Productivity - Weight,Supplier Score - Weight,Clean Revenue - Weight
1,4,Orsted A/S,Wholesale Power,#1/126,Denmark,$135 ,54.20%,"$3,048 ",95%,"$8,026 ",98.40%,"$5,483,290 ",96.40%,No data,0.00%,25%,92.00%, 34:1,33.40%,"$7,647 ",50.00%, No data ,0.00%,No data,0.00%,37.50%,0.3,53.90%, -   ,100.00%,11.20%,37.50%,38%,14.00%,86.50%,26.60%,100.00%, Not an applicable KPI ,"$4,148,406 ","$16,936,155 ","$128,793,549 ", Not an applicable KPI ,80.10%,68.30%,68.20%,70.80%,68.10%,92.90%,0.00%,85.20%,,7%,5%,10%,2%,0%,1%,0%,1%,0%,1%,0%,5%,5%,5%,1%,0%,2%,1%,3%,50%
2,1,Chr. Hansen Holding A/S,Food and other chemical agents,#1/66,Denmark,"$2,139 ",68.90%,"$30,539 ",70%,"$1,030 ",53.70%,"$604,996 ",91.70%,6.70%,89.70%,15%,42.10%, 22:1,92.90%,"$8,293 ",94.10%,"$2,465 ",0.00%,43.70%,10.70%,70.60%,0.49,61.60%, -   ,100.00%,12.00%,66.70%,36%,25.00%,84.80%,63.80%,100.00%, No data , No data , No data , No data ,0.00%,0.00%,0.00%,0.00%,0.00%,82.00%,100.00%,0.00%,83.90%,,3%,3%,3%,2%,3%,3%,2%,4%,3%,3%,2%,5%,5%,5%,1%,2%,0%,1%,3%,50%
3,3,Neste Oyj,Petroleum Refineries,#1/56,Finland,$476 ,56.30%,"$7,391 ",83%,"$2,227 ",71.40%,"$217,672 ",1.00%,0.30%,92.00%,9%,41.30%, 36:1,0.00%,"$14,982 ",100.00%,"$90,150 ",75.00%,73.90%,41.90%,79.20%,0.2,66.70%, -   ,100.00%,11.40%,0.00%,38%,22.00%,86.50%,58.90%,100.00%,"$5,004,898 ","$14,141,357 ","$5,139,176 ","$210,706,215 ",29.10%,100.00%,61.20%,100.00%,16.40%,22.10%,100.00%,0.00%,83.64%,,4%,3%,1%,1%,0%,2%,1%,9%,1%,4%,2%,5%,5%,5%,1%,1%,0%,2%,3%,50%
4,14,Cisco Systems Inc,Communications Equipment,#1/38,United States,"$29,093 ",66.30%,"$69,687 ",24%,"$14,534 ",30.00%,"$17,357,495 ",72.50%,12.70%,58.90%,20%,70.60%, 89:1,25.00%,"$3,760 ",75.00%,$943 ,0.00%,14.00%,0.00%,56.30%,0.24,0.00%, -   ,80.00%,13.00%,50.00%,27%,42.00%,64.30%,94.50%,100.00%, Not an applicable KPI ,"$280,284,091 ","$73,626,865,672 ", Not an applicable KPI , Not an applicable KPI ,37.50%,87.50%, Not an applicable KPI ,13.30%,55.20%,100.00%,0.00%,83.59%,,0%,0%,0%,0%,10%,2%,2%,2%,1%,11%,3%,5%,5%,5%,0%,0%,0%,0%,3%,50%
5,48,Autodesk Inc,Software,#1/69,United States,"$261,770 ",100.00%,"$944,085 ",83%, No data ,0.00%,"$426,877 ",0.00%,33.70%,94.00%,49%,95.00%, 77:1**,0.00%,"$2,590 ",30.00%,"$9,100 ",66.60%,88.20%,78.70%,33.80%,0.16,0.00%, Not an applicable KPI , Not an applicable KPI ,19.00%,0.00%,44%,26.00%,94.40%,73.10%,0.00%, Not an applicable KPI , Not an applicable KPI , Not an applicable KPI , Not an applicable KPI , Not an applicable KPI , Not an applicable KPI , Not an applicable KPI , Not an applicable KPI ,1.80%,92.00%,100.00%,0.00%,82.84%,,0%,0%,0%,0%,17%,7%,2%,3%,1%,0%,2%,5%,5%,5%,0%,0%,0%,0%,3%,50%
6,58,Novozymes A/S,Specialty and Performance Chemicals,#1/101,Denmark,$570 ,65.70%,"$4,830 ",56%,$257 ,57.70%,"$263,816 ",71.00%,13.10%,96.80%,17%,71.80%, 45:1,44.50%,"$6,983 ",46.10%, No data ,0.00%,No data,0.00%,34.60%,0.48,37.50%, -   ,100.00%,8.80%,30.00%,40%,33.00%,89.60%,83.00%,100.00%, No data , No data , No data , No data ,0.00%,0.00%,0.00%,0.00%,85.60%,51.00%,100.00%,1.00%,82.70%,,3%,4%,7%,1%,2%,2%,1%,5%,1%,2%,1%,5%,5%,5%,1%,1%,0%,1%,3%,50%
7,35,ING Groep NV,Banks,#1/427,Netherlands,"$88,263 ",82.80%,"$1,384,339 ",95%,"$52,958 ",59.20%,"$14,356,495 ",60.60%,Not an applicable KPI,Not an applicable KPI,22%,75.40%, 21:1,50.80%,"$10,506 ",84.70%,"$86,657 ",59.70%,103.60%,69.10%,70.70%, No data ,0.00%, No data ,0.00%,12.10%,45.50%,38%,30.00%,88.80%,79.00%,100.00%, No data , No data , No data , No data ,0.00%,0.00%,0.00%,0.00%,0.00%,4.00%,94.90%,0.00%,82.53%,,0%,0%,0%,0%,0%,11%,5%,12%,2%,0%,5%,5%,5%,5%,0%,0%,0%,0%,0%,50%
8, - ,Enel SpA,Wholesale Power,#2/126,Italy,"$69,087 ",91.70%,"$1,115 ",65%,"$1,110 ",92.90%,"$15,408 ",29.40%,0.10%,41.60%,10%,59.70%, 77:1,11.20%,"$3,466 ",25.00%,"$64,431 ",22.20%,50.00%,19.50%,18.80%,0.19,61.60%,0.000115,28.60%,6.90%,62.50%,33%,20.00%,77.00%,48.70%,100.00%, Not an applicable KPI ,"$579,403 ","$554,375 ","$2,482,207 ", Not an applicable KPI ,37.00%,35.80%,41.60%,26.80%,83.30%,95.90%,1.00%,81.77%,,7%,5%,10%,2%,0%,1%,0%,1%,0%,1%,0%,5%,5%,5%,1%,0%,2%,1%,3%,50%
9,8,Banco do Brasil SA,Banks,#2/427,Brazil,"$159,460 ",94.60%,"$1,003,477 ",73%,"$47,938 ",47.00%,"$145,071,642 ",76.00%,Not an applicable KPI,Not an applicable KPI,27%,85.70%, 11:1,81.70%,"$13,957 ",92.90%,"$943,734 ",98.50%,96.60%,52.10%,82.30%, -   ,100.00%,0.000031,0.00%,2.00%,98.90%,13%,8.00%,23.60%,6.50%,100.00%, No data , No data , No data , No data ,0.00%,0.00%,0.00%,0.00%,1.80%,18.00%,100.00%,5.00%,81.72%,,0%,0%,0%,0%,0%,11%,5%,12%,2%,0%,5%,5%,5%,5%,0%,0%,0%,0%,0%,50%
10, - ,Algonquin Power & Utilities Corp,Electric Utilities,#1/121,Canada,$37 ,5.70%,$597 ,36%,$134 ,85.40%, No data ,0.00%,No data,0.00%,2%,29.20%, 26:1,33.40%,"$13,182 ",78.90%,"$148,924 ",11.10%,71.10%,30.90%,59.20%,0.18,87.50%, -   ,100.00%,9.70%,20.00%,33%,22.00%,76.10%,58.90%,100.00%,"$15,721,292 ","$1,293,082 ","$2,184,863 ","$9,864,593 ",0.00%,56.30%,62.60%,21.90%,70.80%,61.00%,95.70%,0.00%,80.89%,,3%,5%,12%,1%,0%,1%,0%,3%,1%,3%,0%,5%,5%,5%,1%,0%,0%,1%,3%,50%
11,77,Osram Licht AG,Electrical Equipment and Power Systems,#1/130,Germany,"$2,269 ",57.50%,"$17,994 ",49%,"$2,003 ",25.50%,"$796,185 ",54.60%,9.30%,93.20%,7%,30.90%, 64:1,40.00%,"$3,351 ",87.50%,"$48,765 ",100.00%,87.10%,61.10%,80.90%,0.27,80.00%, -   ,100.00%,25.00%,16.70%,42%,0.00%,91.70%,0.00%,100.00%,"$193,738,230 ", No data , No data , No data ,75.00%,0.00%,0.00%,0.00%,54.40%,69.50%,97.20%,0.00%,79.87%,,1%,1%,0%,0%,8%,4%,3%,4%,5%,2%,4%,5%,5%,5%,0%,0%,0%,0%,3%,50%
12,89,Sekisui Chemical Co Ltd,Other Materials,#1/51,Japan,"$1,092 ",56.20%,"$12,919 ",70%,$535 ,42.20%,"$2,154,862 ",85.00%,3.30%,83.90%,19%,78.00%, 31:1,50.00%,"$3,780 ",40.00%,"$45,294 ",50.00%,73.40%,38.60%,30.00%,0.1,100.00%, -   ,100.00%,1.50%,100.00%,0%,2.40%,0.00%,1.70%,100.00%,"$9,998,785 ","$57,379,960 ","$1,631,230,294 ","$713,663,254 ",75.00%,87.50%,100.00%,100.00%,5.80%,28.20%,100.00%,0.00%,79.48%,,3%,3%,1%,1%,1%,3%,2%,5%,2%,1%,4%,5%,5%,5%,1%,1%,0%,4%,3%,50%
13, - ,Storebrand ASA,Insurance,#1/212,Norway,"$3,405,342 ",82.40%,"$16,992,993 ",88%,"$254,153 ",69.10%,"$57,209,744 ",71.90%,0.40%,50.00%,1%,9.30%, 6:1,97.60%,"$10,821 ",86.40%,"$48,960 ",41.10%,74.20%,34.60%,64.80%, -   ,100.00%, Not an applicable KPI , Not an applicable KPI ,8.00%,88.90%,56%,30.00%,99.00%,79.00%,0.00%, Not an applicable KPI , Not an applicable KPI , Not an applicable KPI , Not an applicable KPI , Not an applicable KPI , Not an applicable KPI , Not an applicable KPI , Not an applicable KPI ,3.60%,6.60%,91.60%,0.00%,79.32%,,0%,0%,0%,0%,2%,5%,7%,12%,3%,0%,7%,5%,5%,5%,0%,0%,0%,0%,0%,50%
14,7,Umicore SA,Primary Metals Products,#1/212,Belgium,"$2,602 ",81.20%,"$24,717 ",79%,"$3,292 ",74.20%,"$306,496 ",88.60%,1.50%,72.60%,14%,72.20%, 38:1,37.50%,"$6,986 ",93.70%,"$29,292 ",50.00%,39.40%,13.20%,70.30%,0.67,55.00%,0.0001,43.80%,7.20%,43.80%,27%,28.60%,64.30%,75.80%,100.00%, No data ,"$63,730,003 ","$29,488,464 ", No data ,0.00%,96.20%,93.20%,0.00%,0.20%,72.00%,94.10%,5.00%,79.07%,,2%,3%,1%,17%,0%,0%,0%,0%,0%,2%,0%,5%,5%,5%,1%,0%,2%,2%,3%,50%
15, - ,Hewlett Packard Enterprise Co,Computer Hardware,#1/39,United States,"$17,392 ",91.60%,"$76,552 ",89%,$403 ,12.40%,"$21,514,644 ",100.00%,6.10%,66.60%,8%,32.00%, 192:1**,0.00%, $-   ,0.00%,"$203,650 ",100.00%,95.30%,81.80%,20.50%,0.12,57.20%, Not an applicable KPI , Not an applicable KPI ,10.00%,80.00%,42%,21.00%,92.40%,57.70%,100.00%,"$7,713,000,000 ","$248,806,452 ","$771,300,000 ","$7,713,000,000 ",75.00%,0.00%,18.80%,75.00%,58.90%,23.00%,97.50%,0.00%,78.43%,,1%,1%,0%,0%,11%,5%,4%,4%,1%,0%,5%,5%,5%,5%,0%,0%,0%,0%,3%,50%
16, - ,American Water,Water Utilities,#1/16,United States,$703 ,100.00%,"$5,654 ",100%,"$2,072 ",100.00%, No data ,0.00%,No data,0.00%,1%,21.00%, 78:1,0.00%,"$5,070 ",100.00%,"$211,127 ",100.00%,79.20%,25.00%,81.30%,1.63,0.00%, Not an applicable KPI , Not an applicable KPI ,13.90%,0.00%,50%,38.00%,96.80%,91.50%,0.00%, Not an applicable KPI , Not an applicable KPI , Not an applicable KPI , Not an applicable KPI , Not an applicable KPI , Not an applicable KPI , Not an applicable KPI , Not an applicable KPI ,0.00%,86.70%,100.00%,0.00%,78.33%,,1%,1%,16%,9%,0%,1%,1%,1%,2%,0%,1%,5%,5%,5%,0%,0%,0%,0%,3%,50%
17,61,Iberdrola SA,Wholesale Power,#3/126,Spain,$124 ,65.00%,"$1,827 ",79%,$557 ,78.80%,"$171,064 ",67.40%,0.80%,75.00%,8%,48.10%, 78:1,5.60%,"$14,312 ",91.60%,"$331,622 ",77.70%,78.50%,53.60%,76.50%,1.4,7.70%,0.000089,42.90%,10.70%,43.80%,36%,16.00%,84.50%,35.80%,100.00%, Not an applicable KPI ,"$3,885,358 ","$14,094,507 ","$55,916,697 ", Not an applicable KPI ,81.80%,70.40%,78.90%,70.80%,55.00%,89.80%,2.50%,78.24%,,7%,5%,10%,2%,0%,1%,0%,1%,0%,1%,0%,5%,5%,5%,1%,0%,2%,1%,3%,50%
18,12,Outotec Oyj,Machinery Manufacturing,#1/234,Finland,"$14,564 ",97.60%,"$157,203 ",97%,"$28,539 ",85.00%,"$3,988,863 ",93.80%,4.80%,83.40%,57%,98.20%, 11:1,84.70%,"$9,224 ",100.00%, No data ,0.00%,No data,0.00%,75.00%,0.38,65.40%,0.00025,0.00%,16.00%,15.40%,38%,20.00%,86.50%,48.70%,100.00%,"$310,856,224 ", No data , No data , No data ,85.40%,0.00%,0.00%,0.00%,0.00%,45.00%,85.80%,0.00%,76.88%,,1%,1%,1%,0%,7%,4%,4%,4%,4%,1%,4%,5%,5%,5%,0%,1%,1%,0%,3%,50%
19,19,CEMIG,Electric Utilities,#2/121,Brazil,"$19,434 ",77.10%,"$19,821 ",86%,"$41,180 ",94.40%,"$199,571,895 ",100.00%,0.20%,20.00%,12%,85.30%, 10:1,66.70%,"$22,063 ",94.70%,"$734,431 ",88.80%,65.20%,18.30%,72.80%, No data ,0.00%, -   ,100.00%,4.40%,93.40%,0%,4.00%,0.00%,2.10%,0.00%, No data ,"$378,498,421 ","$97,136,763 ","$5,488,227,110 ",0.00%,76.70%,81.70%,75.00%,0.00%,91.40%,98.50%,1.00%,76.35%,,3%,5%,12%,1%,0%,1%,0%,3%,1%,3%,0%,5%,5%,5%,1%,0%,0%,1%,3%,50%
20,93,Accenture PLC,Technology Consulting Services,#1/70,Ireland,"$30,615 ",60.00%,"$172,601 ",43%,"$16,522 ",20.00%,"$71,360,940 ",83.30%,1.90%,61.70%,23%,65.00%, 298:1**,0.00%,"$1,371 ",80.00%,"$2,977 ",33.30%,51.80%,21.20%,60.00%, No data ,0.00%, No data ,0.00%,15.00%,66.70%,36%,29.00%,84.50%,78.60%,100.00%, Not an applicable KPI , No data , No data , Not an applicable KPI , Not an applicable KPI ,0.00%,0.00%, Not an applicable KPI ,2.10%,21.60%,100.00%,0.00%,76.20%,,0%,0%,0%,0%,3%,5%,10%,4%,0%,1%,7%,5%,5%,5%,0%,0%,0%,0%,3%,50%
21,38,Dassault Systemes SE,Software,#2/69,France,"$33,338 ",50.00%,"$176,333 ",52%, No data ,0.00%,"$3,274,387,947 ",100.00%,17.90%,64.10%,25%,77.00%, 29:1,50.00%,"$3,202 ",60.00%,"$8,023 ",33.30%,38.20%,21.20%,45.00%,0.11,33.40%, Not an applicable KPI , Not an applicable KPI ,7.80%,66.70%,42%,22.00%,91.70%,58.90%,100.00%, Not an applicable KPI , Not an applicable KPI , Not an applicable KPI , Not an applicable KPI , Not an applicable KPI , Not an applicable KPI , Not an applicable KPI , Not an applicable KPI ,0.00%,82.30%,85.70%,0.00%,76.01%,,0%,0%,0%,0%,17%,7%,2%,3%,1%,0%,2%,5%,5%,5%,0%,0%,0%,0%,3%,50%
22,13,McCormick & Company,Food and Beverage Production,#1/295,United States,"$3,862 ",72.80%,"$42,256 ",78%,"$2,452 ",61.00%,"$252,767 ",48.60%,1.30%,85.10%,17%,62.80%, 413:1**,0.00%,"$3,836 ",79.40%,"$81,629 ",84.30%,90.60%,70.10%,73.20%,0.35,78.60%, -   ,100.00%,17.00%,40.00%,27%,27.00%,63.90%,73.70%,0.00%,"$407,907,692 ","$212,112,000 ", No data ,"$2,651,400,000 ",87.50%,69.20%,0.00%,75.00%,8.20%,52.00%,100.00%,1.00%,75.96%,,1%,1%,1%,2%,1%,3%,6%,2%,4%,7%,3%,5%,5%,5%,0%,0%,1%,0%,3%,50%
23,2,Kering SA,Apparel and Accessory Products,#1/97,France,"$43,696 ",95.80%,"$411,942 ",95%,"$22,873 ",61.80%,"$3,243,246 ",47.30%,0.60%,31.50%,14%,34.00%, 204:1,18.20%,$475 ,22.20%,"$4,473 ",14.20%,53.30%,24.40%,16.70%,1,66.70%, Not an applicable KPI , Not an applicable KPI ,20.00%,88.90%,64%,33.00%,99.70%,83.00%,100.00%,"$9,578,725 ","$19,301,130 ", No data , No data ,46.90%,6.30%,0.00%,0.00%,2.90%,43.90%,100.00%,5.00%,75.26%,,0%,0%,0%,0%,2%,5%,7%,2%,7%,0%,6%,5%,5%,5%,0%,3%,0%,0%,3%,50%
24,23,UPM-Kymmene Oyj,Forestry and Paper Products,#1/46,Finland,$163 ,34.40%,"$2,427 ",34%,$31 ,65.60%,"$126,551 ",64.00%,0.50%,37.90%,10%,75.40%, 88:1,0.00%,"$2,985 ",37.50%,"$71,150 ",16.60%,60.90%,6.80%,28.10%,0.54,71.50%, -   ,100.00%,8.90%,57.20%,30%,17.00%,71.60%,45.00%,100.00%, Not an applicable KPI ,"$1,592,096 ","$12,338,748 ","$16,094,019 ", Not an applicable KPI ,59.30%,59.30%,65.00%,1.00%,71.60%,100.00%,5.00%,75.20%,,6%,2%,6%,4%,0%,1%,1%,1%,2%,5%,1%,5%,5%,5%,1%,0%,1%,1%,3%,50%
25,10,Taiwan Semiconductor Manufacturing Co Ltd,Semiconductor Equipment and Services,#1/40,Taiwan,"$5,204 ",28.10%,"$25,703 ",30%,"$3,835 ",32.10%,"$11,063,946 ",83.30%,8.00%,61.60%,8%,38.10%, 102:1,25.00%,"$4,116 ",57.10%,"$5,792 ",33.30%,29.40%,14.20%,42.80%,0.8,0.00%, Not an applicable KPI , Not an applicable KPI ,4.50%,100.00%,22%,20.00%,47.30%,48.70%,100.00%,"$1,309,923,297 ","$1,831,821,765 ","$5,485,777,999 ", Not an applicable KPI ,68.80%,75.00%,6.30%, Not an applicable KPI ,36.80%,63.00%,100.00%,1.00%,75.13%,,1%,2%,0%,0%,12%,7%,3%,5%,1%,0%,2%,5%,5%,5%,0%,0%,0%,0%,3%,50%
26,6,Prologis Inc,Real Estate Investment Trusts (REITs),#1/70,United States,"$41,955 ",85.00%,"$470,387 ",87%,"$82,685 ",75.00%,"$20,074,796 ",90.00%,Not an applicable KPI,Not an applicable KPI,3%,80.70%, 114:1,17.90%,"$1,572 ",20.00%, No data ,0.00%,No data,0.00%,15.00%, No data ,0.00%, No data ,0.00%,14.70%,42.20%,17%,14.30%,36.50%,27.00%,100.00%, Not an applicable KPI , Not an applicable KPI , Not an applicable KPI , Not an applicable KPI , Not an applicable KPI , Not an applicable KPI , Not an applicable KPI , Not an applicable KPI ,0.00%,21.50%,100.00%,0.00%,75.07%,,1%,2%,1%,3%,0%,11%,2%,2%,5%,2%,4%,5%,5%,5%,0%,0%,0%,0%,3%,50%
27, - ,H & M Hennes & Mauritz AB,Apparel and Accessories Retail,#1/64,Sweden,"$41,064 ",68.80%,"$417,018 ",100%, No data ,0.00%,"$5,457,252 ",62.50%,1.10%,75.00%,18%,45.80%, 44:1,66.70%,$87 ,0.00%,"$1,047 ",0.00%,72.00%,40.00%,0.00%,2.1,100.00%, Not an applicable KPI , Not an applicable KPI ,49.00%,50.00%,64%,60.00%,99.80%,99.20%,0.00%, Not an applicable KPI , Not an applicable KPI , Not an applicable KPI , Not an applicable KPI , Not an applicable KPI , Not an applicable KPI , Not an applicable KPI , Not an applicable KPI ,31.30%,10.00%,100.00%,5.00%,74.68%,,0%,1%,0%,0%,1%,4%,11%,1%,2%,0%,11%,5%,5%,5%,0%,0%,0%,0%,3%,50%
28,20,Sanofi SA,Biopharmaceuticals,#1/123,France,"$3,333 ",40.30%,"$52,784 ",53%,"$1,358 ",17.40%,"$372,918 ",19.00%,15.50%,40.40%,22%,71.10%, 34:1,55.20%,"$6,451 ",38.40%,"$116,679 ",55.00%,71.40%,27.10%,28.80%,0.4,25.00%, -   ,100.00%,10.40%,66.70%,43%,20.00%,92.60%,48.70%,100.00%,"$16,446,228 ","$131,227,195 ","$479,916,599 ", No data ,1.30%,44.60%,13.60%,0.00%,0.00%,18.70%,100.00%,2.50%,74.43%,,0%,0%,0%,0%,15%,5%,2%,5%,1%,1%,2%,5%,5%,5%,0%,0%,0%,0%,3%,50%
29,60,Schneider Electric SE,Industrial Conglomerates,#1/13,France,"$10,047 ",95.00%,"$94,819 ",96%,"$13,452 ",66.60%,"$4,429,665 ",90.00%,5.00%,66.60%,18%,38.40%, 151:1,0.00%,"$1,715 ",33.30%,"$81,141 ",50.00%,88.70%,70.00%,30.00%,0.09,80.00%,0.000007,80.00%,17.30%,0.00%,42%,25.00%,92.40%,63.80%,100.00%,"$53,234,863 ", No data , No data , No data ,25.00%,0.00%,0.00%,0.00%,0.80%,59.00%,92.30%,0.00%,74.10%,,1%,1%,0%,0%,8%,4%,3%,4%,5%,2%,4%,5%,5%,5%,0%,0%,0%,0%,3%,50%
30,15,Natura Cosmeticos SA,Personal Care and Cleaning Products,#1/53,Brazil,"$344,168 ",100.00%,"$486,301 ",94%,"$19,652 ",86.40%,"$23,929,173 ",100.00%,1.80%,50.80%,10%,12.10%, 17:1,100.00%,"$4,469 ",50.00%, No data ,0.00%,No data,0.00%,37.50%,0.26,57.20%, -   ,100.00%,18.00%,25.00%,33%,22.00%,77.00%,58.90%,100.00%, No data , No data , No data , No data ,0.00%,0.00%,0.00%,0.00%,4.00%,71.90%,92.80%,2.50%,73.91%,,1%,1%,0%,1%,3%,5%,5%,7%,2%,3%,4%,5%,5%,5%,0%,0%,0%,0%,3%,50%
31,24,BNP Paribas SA,Banks,#3/427,France,"$20,276 ",30.10%,"$245,027 ",53%,"$22,287 ",32.60%,"$4,816,988 ",19.40%,Not an applicable KPI,Not an applicable KPI,23%,78.30%, 41:1,24.90%,"$6,239 ",63.50%,"$57,090 ",37.30%,92.80%,45.30%,47.60%,0.06,69.60%, -   ,100.00%,10.50%,51.20%,43%,10.50%,94.20%,13.90%,100.00%, No data , No data , No data , No data ,0.00%,0.00%,0.00%,0.00%,22.50%,6.80%,96.60%,5.00%,72.89%,,0%,0%,0%,0%,0%,11%,5%,12%,2%,0%,5%,5%,5%,5%,0%,0%,0%,0%,0%,50%
32,43,Kone Oyj,Machinery Manufacturing,#2/234,Finland,"$7,329 ",68.20%,"$90,735 ",73%,"$42,877 ",89.40%,"$1,856,771 ",66.90%,1.70%,28.00%,22%,68.70%, 89:1,23.10%,"$5,474 ",88.50%,"$10,305 ",25.80%,78.00%,53.80%,66.40%,0.42,50.00%,0.000052,30.80%,8.50%,77.00%,38%,7.00%,86.50%,4.10%,0.00%,"$4,270,574,388 ","$6,405,861,582 ","$32,029,307,910 ", No data ,83.30%,75.00%,75.00%,0.00%,72.20%,52.90%,98.90%,0.00%,72.17%,,1%,1%,1%,0%,7%,4%,4%,4%,4%,1%,4%,5%,5%,5%,0%,1%,1%,0%,3%,50%
33,42,Verbund AG,Wholesale Power,#4/126,Austria,$324 ,87.50%,"$2,716 ",85%,$23 ,49.70%,"$85,331 ",53.00%,0.30%,55.00%,2%,21.30%, 12:1,77.80%,"$8,551 ",66.60%,"$69,179 ",44.40%,19.00%,2.40%,50.00%, No data ,0.00%,0.000365,7.20%,7.40%,56.30%,31%,0.00%,75.90%,0.00%,0.00%, Not an applicable KPI ,"$7,810,660 ","$28,732,072 ", No data , Not an applicable KPI ,76.50%,67.50%,0.00%,0.00%,93.40%,97.90%,0.00%,72.06%,,7%,5%,10%,2%,0%,1%,0%,1%,0%,1%,0%,5%,5%,5%,1%,0%,2%,1%,3%,50%
34,29,Valeo SA,Consumer Vehicles and Parts,#1/256,France,"$3,075 ",38.70%,"$2,583 ",0%,"$7,279 ",52.70%,"$1,134,929 ",59.60%,6.70%,92.70%,11%,29.10%, 111:1,31.90%,"$2,437 ",53.50%,"$7,671 ",26.00%,34.90%,11.70%,40.10%,0.42,66.70%,0.000044,14.30%,13.60%,15.00%,42%,12.00%,92.40%,19.80%,100.00%,"$12,424,701 ","$194,325,895 ", No data , No data ,39.70%,67.10%,0.00%,0.00%,0.00%,50.40%,97.20%,2.50%,71.84%,,1%,1%,0%,0%,7%,4%,6%,4%,3%,1%,4%,5%,5%,5%,0%,1%,0%,0%,3%,50%
35,16,ERG S.p.A.,Wholesale Power,#5/126,Italy,$82 ,55.40%,"$1,435 ",73%,$7 ,30.70%,"$1,801,944 ",90.00%,No data,0.00%,11%,62.10%, 17:1,66.70%, No data ,0.00%,"$11,154 ",0.00%,No data,0.00%,0.00%,0.65,23.10%, -   ,100.00%,13.40%,18.80%,33%,5.10%,76.10%,2.70%,100.00%, Not an applicable KPI ,"$4,266,368 ", No data , No data , Not an applicable KPI ,72.50%,0.00%,0.00%,72.40%,60.50%,90.90%,0.00%,71.59%,,7%,5%,10%,2%,0%,1%,0%,1%,0%,1%,0%,5%,5%,5%,1%,0%,2%,1%,3%,50%
36,25,City Developments Ltd,Real Estate Investment and Services,#1/229,Singapore,"$2,340 ",36.00%,"$22,449 ",22%,$902 ,41.20%,"$348,815 ",37.40%,0.80%,85.70%,13%,45.00%, 40:1,34.90%,"$4,194 ",56.50%,"$9,219 ",50.00%,76.80%,52.60%,43.00%,0.26,0.00%, -   ,100.00%,25.70%,21.90%,29%,36.00%,67.10%,89.50%,100.00%, Not an applicable KPI , Not an applicable KPI , Not an applicable KPI , Not an applicable KPI , Not an applicable KPI , Not an applicable KPI , Not an applicable KPI , Not an applicable KPI ,0.00%,64.10%,100.00%,1.00%,71.43%,,1%,1%,0%,1%,0%,5%,7%,3%,9%,2%,4%,5%,5%,5%,0%,0%,0%,0%,3%,50%
37,34,Vestas Wind Systems A/S,Electrical Equipment and Power Systems,#2/130,Denmark,"$68,552 ",100.00%,"$141,718 ",75%,"$30,454 ",87.50%,"$367,014 ",51.60%,2.30%,34.80%,14%,52.00%,No data,0.00%,"$3,324 ",75.00%, No data ,0.00%,No data,0.00%,56.30%,0.3,60.00%, -   ,100.00%,13.60%,66.70%,17%,20.00%,31.70%,48.70%,0.00%,"$54,218,028 ", No data , No data , No data ,50.00%,0.00%,0.00%,0.00%,29.10%,100.00%,100.00%,0.00%,71.34%,,1%,1%,0%,0%,8%,4%,3%,4%,5%,2%,4%,5%,5%,5%,0%,0%,0%,0%,3%,50%
38,26,bioMerieux,Diagnostics and Drug Delivery Devices,#1/9,France,"$5,072 ",37.50%,"$43,841 ",2%,"$3,681 ",0.00%,"$750,475 ",0.00%,13.30%,66.60%,16%,66.60%, 16:1,50.00%,"$1,590 ",66.60%,"$25,301 ",0.00%,88.20%,75.00%,50.00%,2,100.00%, Not an applicable KPI , Not an applicable KPI ,13.00%,0.00%,36%,0.00%,84.80%,0.00%,0.00%, Not an applicable KPI , Not an applicable KPI , Not an applicable KPI , Not an applicable KPI , Not an applicable KPI , Not an applicable KPI , Not an applicable KPI , Not an applicable KPI ,0.40%,82.10%,100.00%,0.00%,71.26%,,0%,1%,0%,0%,15%,6%,2%,3%,0%,0%,4%,5%,5%,5%,0%,0%,0%,0%,3%,50%
39,80,Intesa Sanpaolo SpA,Banks,#4/427,Italy,"$33,797 ",49.90%,"$431,550 ",61%,"$21,999 ",23.40%,"$157,909,605 ",88.80%,Not an applicable KPI,Not an applicable KPI,30%,90.60%, 66:1,11.10%,"$5,139 ",54.10%,"$26,620 ",16.40%,87.40%,33.60%,40.60%,1.36,21.80%, -   ,100.00%,4.50%,88.70%,37%,1.00%,86.50%,1.60%,100.00%, No data ,"$452,345,221 ","$1,033,931,934 ", No data ,0.00%,42.20%,6.30%,0.00%,0.00%,2.80%,88.10%,2.50%,71.20%,,0%,0%,0%,0%,0%,11%,5%,12%,2%,0%,5%,5%,5%,5%,0%,0%,0%,0%,0%,50%
40,27,Koninklijke KPN NV,Wireless and Wireline Telecommunications Services,#1/126,Netherlands,"$2,463 ",22.70%,"$23,634 ",22%,"$32,116 ",46.80%,"$7,804,693 ",64.90%,7.80%,86.40%,-1%,1.30%, 19:1,72.00%,"$11,255 ",86.20%,"$46,520 ",55.50%,68.20%,43.80%,64.70%,0.2,57.20%, No data ,0.00%,14.40%,27.00%,25%,18.20%,55.50%,46.20%,100.00%, Not an applicable KPI , No data , No data , Not an applicable KPI , Not an applicable KPI ,0.00%,0.00%, Not an applicable KPI ,8.70%,74.70%,100.00%,1.00%,70.17%,,1%,1%,0%,0%,1%,9%,4%,6%,3%,5%,3%,5%,5%,5%,0%,0%,0%,0%,3%,50%
41,28,Siemens AG,Industrial Conglomerates,#2/13,Germany,"$9,415 ",75.00%,"$80,448 ",75%,"$7,161 ",56.30%,"$3,093,191 ",48.80%,6.30%,91.60%,20%,53.80%, 97:1,66.70%,"$6,261 ",83.30%,"$107,196 ",66.60%,80.10%,50.00%,66.60%,0.46,20.00%,0.000013,60.00%,9.60%,100.00%,35%,25.00%,83.90%,63.80%,100.00%,"$135,599,752 ","$637,466,225 ", No data , No data ,83.30%,75.00%,0.00%,0.00%,71.00%,46.40%,69.20%,1.00%,69.84%,,1%,1%,0%,0%,8%,4%,3%,4%,5%,2%,4%,5%,5%,5%,0%,0%,0%,0%,3%,50%
42,74,National Australia Bank Ltd,Banks,#6/427,Australia,"$18,356 ",29.20%,"$113,797 ",25%,"$34,359 ",41.10%,"$6,801,594 ",32.20%,Not an applicable KPI,Not an applicable KPI,19%,68.90%, 49:1,18.00%, No data ,0.00%, No data ,0.00%,No data,0.00%,0.00%,0.23,47.90%, No data ,0.00%,17.40%,17.10%,30%,31.00%,71.60%,82.20%,100.00%, No data , No data , No data , No data ,0.00%,0.00%,0.00%,0.00%,0.00%,3.50%,93.20%,0.00%,69.30%,,0%,0%,0%,0%,0%,11%,5%,12%,2%,0%,5%,5%,5%,5%,0%,0%,0%,0%,0%,50%
43,9,Shinhan Financial Group Co Ltd,Banks,#7/427,South Korea,"$79,793 ",75.50%,"$432,071 ",71%,"$154,066 ",82.60%,"$160,533,855 ",92.50%,Not an applicable KPI,Not an applicable KPI,19%,68.40%, 15:1,65.30%,"$1,960,370 ",100.00%,"$12,113,508 ",100.00%,93.10%,45.90%,86.50%,0.26,43.50%, No data ,0.00%,6.00%,81.90%,0%,5.10%,0.00%,2.60%,100.00%, No data , No data , No data , No data ,0.00%,0.00%,0.00%,0.00%,4.20%,2.10%,77.90%,1.00%,69.29%,,0%,0%,0%,0%,0%,11%,5%,12%,2%,0%,5%,5%,5%,5%,0%,0%,0%,0%,0%,50%
44,22,Bombardier Inc,Aerospace and Defense Manufacturing,#1/73,Canada,"$4,123 ",50.60%,"$57,917 ",36%,"$9,316 ",46.30%,"$886,632 ",35.00%,7.90%,81.00%,18%,71.80%, 117:1,0.00%,"$7,424 ",50.00%,"$130,841 ",69.20%,78.40%,45.40%,41.20%,0.4,44.50%,0.000033,33.40%,12.00%,14.30%,29%,0.00%,71.20%,0.00%,0.00%, No data , No data , No data , No data ,0.00%,0.00%,0.00%,0.00%,0.00%,27.50%,100.00%,0.00%,69.20%,,0%,1%,0%,0%,7%,4%,2%,10%,3%,1%,3%,5%,5%,5%,0%,0%,0%,0%,3%,50%
45, - ,Koninklijke DSM NV,Food and other chemical agents,#3/66,Netherlands,$629 ,37.50%,"$9,349 ",38%,$115 ,3.80%,"$398,933 ",88.30%,4.90%,82.90%,7%,10.70%, 40:1,50.00%,"$7,407 ",88.20%,"$92,245 ",76.40%,75.80%,46.10%,71.80%,0.3,77.00%,0.000048,20.00%,13.90%,33.40%,43%,33.30%,92.60%,83.40%,100.00%,"$2,671,221 ","$26,177,966 ","$145,433,145 ", No data ,5.40%,66.40%,38.80%,0.00%,35.40%,31.00%,80.00%,0.00%,69.18%,,3%,3%,3%,2%,3%,3%,2%,4%,3%,3%,2%,5%,5%,5%,1%,2%,0%,1%,3%,50%
46,65,Unilever PLC,Personal Care and Cleaning Products,#3/53,United Kingdom,"$2,779 ",36.90%,"$46,188 ",46%,"$2,109 ",35.60%,"$3,035,259 ",51.90%,1.70%,45.70%,22%,66.20%,No data,0.00%,"$5,126 ",58.30%,"$190,336 ",100.00%,98.00%,85.70%,65.20%,0.14,100.00%,0.000006,25.00%,7.40%,75.00%,38%,33.30%,89.00%,83.40%,100.00%, No data ,"$33,601,715 ", No data , No data ,0.00%,50.00%,0.00%,0.00%,2.50%,28.00%,78.50%,0.00%,69.16%,,1%,1%,0%,1%,3%,5%,5%,7%,2%,3%,4%,5%,5%,5%,0%,0%,0%,0%,3%,50%
47, - ,Sims Metal Management Ltd,Primary Metals Products,#2/212,United States of America,"$4,133 ",100.00%,"$28,199 ",100%,"$11,956 ",95.30%,"$4,017 ",19.50%,No data,0.00%,13%,66.50%, 39:1,31.30%,"$1,884 ",31.20%,"$13,526 ",25.00%,99.80%,89.30%,27.00%,1.47,10.00%,0.0004,6.30%,19.00%,0.00%,38%,25.00%,86.50%,63.80%,0.00%, No data , No data , No data , No data ,0.00%,0.00%,0.00%,0.00%,0.00%,100.00%,100.00%,0.00%,67.93%,,2%,3%,1%,17%,0%,0%,0%,0%,0%,2%,0%,5%,5%,5%,1%,0%,2%,2%,3%,50%
48, - ,Bank of Montreal,Banks,#8/427,Canada,"$8,967 ",9.40%,"$129,989 ",30%,"$25,286 ",31.90%,"$21,063,110 ",66.70%,Not an applicable KPI,Not an applicable KPI,16%,59.40%, 62:1,12.60%,"$6,449 ",65.80%,"$153,637 ",80.50%,104.90%,72.50%,62.60%, No data ,0.00%, -   ,100.00%,10.90%,50.00%,36%,23.10%,84.10%,63.30%,0.00%, No data , No data , No data , No data ,0.00%,0.00%,0.00%,0.00%,0.00%,2.80%,86.40%,0.00%,67.65%,,0%,0%,0%,0%,0%,11%,5%,12%,2%,0%,5%,5%,5%,5%,0%,0%,0%,0%,0%,50%
49, - ,Cascades Inc,Containers and Packaging,#1/57,Canada,$330 ,57.80%,"$4,112 ",48%,$181 ,40.30%,"$30,208 ",61.90%,0.90%,55.30%,1%,1.20%, 44:1,57.20%,"$2,040 ",50.00%,"$30,256 ",41.60%,106.70%,93.30%,46.20%,1.9,22.30%, No data ,0.00%,20.90%,30.00%,33%,8.00%,76.10%,6.50%,100.00%, No data , No data , No data , No data ,0.00%,0.00%,0.00%,0.00%,10.40%,81.50%,100.00%,2.50%,67.61%,,6%,3%,3%,2%,0%,2%,2%,2%,2%,2%,2%,5%,5%,5%,2%,2%,1%,1%,3%,50%
50,86,Advantech Co Ltd,Computer Hardware,#2/39,Taiwan, No data ,0.00%, No data ,0%, No data ,0.00%, No data ,0.00%,8.40%,79.60%,14%,60.30%,No data,0.00%,"$2,760 ",77.70%,"$1,153 ",0.00%,34.50%,9.00%,58.30%, No data ,0.00%, Not an applicable KPI , Not an applicable KPI ,No data,0.00%,0%,25.00%,0.00%,63.80%,0.00%, No data , No data , No data , No data ,0.00%,0.00%,0.00%,0.00%,0.00%,24.00%,100.00%,0.00%,67.61%,,1%,1%,0%,0%,11%,5%,4%,4%,1%,0%,5%,5%,5%,5%,0%,0%,0%,0%,3%,50%
51, - ,Standard Bank Group Ltd,Banks,#9/427,South Africa,"$27,299 ",41.40%,"$107,163 ",17%,"$33,508 ",35.10%,"$19,084,707 ",69.90%,Not an applicable KPI,Not an applicable KPI,30%,88.90%, 70:1,10.40%,"$4,266 ",43.50%,"$95,867 ",61.10%,99.40%,58.90%,37.60%, No data ,0.00%, No data ,0.00%,8.30%,67.10%,24%,36.80%,55.40%,90.50%,100.00%, No data , No data , No data , No data ,0.00%,0.00%,0.00%,0.00%,0.00%,1.80%,74.50%,0.00%,67.60%,,0%,0%,0%,0%,0%,11%,5%,12%,2%,0%,5%,5%,5%,5%,0%,0%,0%,0%,0%,50%
52,21,Ericsson,Communications Equipment,#2/38,Sweden,"$17,360 ",36.30%,"$126,651 ",60%,"$14,881 ",56.30%,"$3,550,073 ",17.50%,17.00%,76.90%,18%,66.60%, 78:1,50.00%,"$3,613 ",50.00%,"$76,175 ",50.00%,71.20%,41.60%,37.50%, No data ,0.00%, -   ,100.00%,17.00%,0.00%,23%,27.00%,54.20%,73.70%,100.00%, Not an applicable KPI ,"$15,706,028 ","$17,795,470 ", Not an applicable KPI , Not an applicable KPI ,3.10%,6.30%, Not an applicable KPI ,1.60%,37.50%,66.60%,0.00%,67.49%,,0%,0%,0%,0%,10%,2%,2%,2%,1%,11%,3%,5%,5%,5%,0%,0%,0%,0%,3%,50%
53,55,Danaher Corporation,Medical Devices,#1/55,United States, No data ,0.00%, No data ,0%, No data ,0.00%, No data ,0.00%,6.10%,53.70%,15%,57.50%, 209:1**,0.00%,"$2,665 ",86.60%,"$40,799 ",85.70%,73.60%,45.40%,72.70%,0.79,16.70%, Not an applicable KPI , Not an applicable KPI ,No data,0.00%,31%,9.10%,75.00%,8.80%,0.00%, No data , No data , Not an applicable KPI , Not an applicable KPI ,0.00%,0.00%, Not an applicable KPI , Not an applicable KPI ,1.60%,21.70%,100.00%,0.00%,67.22%,,1%,1%,0%,0%,11%,6%,3%,4%,2%,0%,4%,5%,5%,5%,0%,0%,0%,0%,3%,50%
54, - ,Canadian National Railway Co,Cargo Transportation and Infrastructure Services,#1/68,Canada,$147 ,17.50%,"$1,923 ",16%,"$6,964 ",40.00%,"$65,726 ",1.30%,No data,0.00%,11%,52.60%, 76:1,36.90%,"$2,865 ",33.30%,"$536,992 ",66.60%,99.80%,96.40%,40.70%,1.3,33.40%,0.000039,50.00%,11.30%,50.00%,38%,15.60%,88.80%,35.60%,100.00%, Not an applicable KPI ,"$168,879 ","$382,342,662 ", Not an applicable KPI , Not an applicable KPI ,0.00%,87.50%, Not an applicable KPI ,0.00%,80.90%,100.00%,0.00%,67.11%,,2%,2%,0%,2%,1%,3%,2%,1%,3%,1%,2%,5%,5%,5%,15%,0%,0%,0%,3%,50%
55,84,Adidas AG,Apparel and Accessory Products,#2/97,Germany,"$42,793 ",82.10%,"$457,586 ",83%,"$103,987 ",91.70%,"$15,407,362 ",96.90%,0.80%,35.50%,24%,79.80%, 136:1,36.40%,"$4,873 ",100.00%,"$8,635 ",57.10%,58.80%,26.50%,75.00%,0.38,100.00%, Not an applicable KPI , Not an applicable KPI ,No data,0.00%,25%,16.70%,55.50%,36.00%,100.00%,"$6,880,060 ", No data , No data , No data ,6.30%,0.00%,0.00%,0.00%,1.50%,21.50%,85.70%,2.50%,66.38%,,0%,0%,0%,0%,2%,5%,7%,2%,7%,0%,6%,5%,5%,5%,0%,3%,0%,0%,3%,50%
56,50,AstraZeneca PLC,Biopharmaceuticals,#2/123,United Kingdom,"$4,668 ",52.20%,"$37,066 ",29%,"$5,509 ",63.70%,"$1,291,058 ",47.60%,26.00%,51.20%,13%,37.50%, 105:1,6.90%,"$8,065 ",69.20%,"$137,059 ",60.00%,74.50%,33.30%,51.90%,0.26,54.20%, -   ,100.00%,10.20%,71.50%,42%,30.00%,91.70%,79.00%,100.00%,"$120,710,383 ", No data , No data , No data ,48.00%,0.00%,0.00%,0.00%,0.00%,2.50%,75.00%,1.00%,65.92%,,0%,0%,0%,0%,15%,5%,2%,5%,1%,1%,2%,5%,5%,5%,0%,0%,0%,0%,3%,50%
57, - ,Stantec Inc,Facilities and Construction Services,#1/287,Canada,"$5,774 ",71.90%,"$71,268 ",76%, No data ,0.00%, No data ,0.00%,0.10%,12.60%,9%,30.80%, 42:1,42.90%,"$3,794 ",76.40%,"$17,132 ",72.70%,90.80%,73.60%,68.90%,0.41,64.80%,0.000048,81.90%,15.90%,29.50%,40%,12.50%,89.60%,19.90%,100.00%, Not an applicable KPI , No data , No data , No data , Not an applicable KPI ,0.00%,0.00%,0.00%,0.00%,34.40%,83.00%,0.00%,65.75%,,1%,1%,0%,7%,2%,1%,2%,3%,4%,7%,4%,5%,5%,5%,1%,0%,0%,0%,3%,50%
58,39,HP Inc,Computer Peripherals and Systems,#1/22,United States,"$33,631 ",50.00%,"$254,669 ",81%,"$17,167 ",56.30%,"$5,409,066 ",21.90%,2.40%,19.30%,13%,20.00%, 930:1,33.40%,"$3,273 ",0.00%,"$204,655 ",75.00%,88.00%,91.30%,16.60%,0.23,0.00%, Not an applicable KPI , Not an applicable KPI ,No data,0.00%,45%,31.00%,95.60%,82.20%,0.00%,"$19,490,666,667 ", No data , No data , Not an applicable KPI ,87.50%,0.00%,0.00%, Not an applicable KPI ,58.90%,71.20%,100.00%,1.00%,65.66%,,0%,0%,0%,0%,7%,2%,8%,6%,2%,0%,6%,5%,5%,5%,0%,0%,0%,0%,3%,50%
59,67,Commerzbank AG,Banks,#10/427,Germany,"$16,129 ",22.40%,"$100,054 ",12%,"$29,291 ",35.70%,"$23,605,257 ",80.40%,Not an applicable KPI,Not an applicable KPI,17%,63.70%, 25:1,45.50%,"$9,501 ",82.30%,"$292,995 ",92.50%,93.20%,46.20%,71.40%,2.49,8.70%, -   ,100.00%,4.80%,87.50%,40%,14%,89.60%,26.60%,0.00%, No data , No data , No data , No data ,0.00%,0.00%,0.00%,0.00%,0.40%,2.10%,79.60%,2.50%,65.59%,,0%,0%,0%,0%,0%,11%,5%,12%,2%,0%,5%,5%,5%,5%,0%,0%,0%,0%,0%,50%
60,41,Sun Life Financial Inc,Insurance,#3/212,Canada,"$14,063 ",0.00%,"$236,511 ",2%,"$9,897 ",0.00%, No data ,0.00%,No data,0.00%,10%,35.20%, 58:1,39.10%,"$8,864 ",75.60%,"$116,743 ",55.80%,94.10%,74.80%,64.40%, No data ,0.00%, Not an applicable KPI , Not an applicable KPI ,10.50%,63.90%,36%,36.00%,84.80%,89.50%,100.00%, Not an applicable KPI , Not an applicable KPI , Not an applicable KPI , Not an applicable KPI , Not an applicable KPI , Not an applicable KPI , Not an applicable KPI , Not an applicable KPI ,0.00%,1.20%,70.80%,0.00%,65.10%,,0%,0%,0%,0%,2%,5%,7%,12%,3%,0%,7%,5%,5%,5%,0%,0%,0%,0%,0%,50%
61,45,Abb Ltd,Industrial Conglomerates,#3/13,Switzerland,"$3,421 ",16.30%,"$27,998 ",37%,"$3,134 ",14.50%,"$643,302 ",17.50%,4.40%,50.00%,24%,84.60%,No data,0.00%,"$1,432 ",16.60%,"$66,473 ",33.30%,92.50%,80.00%,15.80%,0.27,40.00%,0.00002,40.00%,11.00%,75.00%,18%,9.10%,37.20%,8.90%,100.00%,"$31,221,219 ","$141,132,653 ","$384,194,444 ", No data ,6.30%,6.30%,100.00%,0.00%,21.00%,57.00%,84.60%,0.00%,64.63%,,1%,1%,0%,0%,8%,4%,3%,4%,5%,2%,4%,5%,5%,5%,0%,0%,0%,0%,3%,50%
62,52,Alphabet Inc,Internet and Data Services,#1/57,United States of America,"$81,175 ",100.00%,"$31,037 ",0%,"$8,668 ",0.00%,"$12,277,369 ",100.00%,15.40%,77.70%,13%,49.40%, 0:1**,0.00%,"$7,725 ",100.00%, No data ,0.00%,No data,0.00%,75.00%, No data ,0.00%, Not an applicable KPI , Not an applicable KPI ,No data,0.00%,18%,0.00%,37.00%,0.00%,0.00%, Not an applicable KPI , Not an applicable KPI , Not an applicable KPI , Not an applicable KPI , Not an applicable KPI , Not an applicable KPI , Not an applicable KPI , Not an applicable KPI ,8.60%,85.50%,100.00%,5.00%,64.41%,,0%,0%,0%,0%,15%,5%,3%,4%,1%,0%,3%,5%,5%,5%,0%,0%,0%,0%,3%,50%
63,33,Capitaland Limited,Real Estate Investment and Services,#2/229,Singapore,"$1,420 ",17.90%,"$10,285 ",3%,$577 ,15.90%,"$82,933 ",13.90%,0.00%,21.40%,19%,60.00%, 69:1,21.00%,"$6,109 ",69.50%, No data ,0.00%,No data,0.00%,52.10%,0.36,0.00%, -   ,100.00%,17.00%,46.90%,18%,20.00%,37.20%,48.70%,100.00%, Not an applicable KPI , Not an applicable KPI , Not an applicable KPI , Not an applicable KPI , Not an applicable KPI , Not an applicable KPI , Not an applicable KPI , Not an applicable KPI ,24.90%,38.50%,88.80%,0.00%,64.39%,,1%,1%,0%,1%,0%,5%,7%,3%,9%,2%,4%,5%,5%,5%,0%,0%,0%,0%,3%,50%
64,11,Pearson PLC,Personal Professional Services,#1/18,United Kingdom,"$52,074 ",100.00%,"$95,183 ",100%,"$10,318 ",100.00%,"$7,274,668 ",100.00%,No data,0.00%,12%,39.00%, 47:1,0.00%,$418 ,0.00%,"$201,809 ",100.00%,118.70%,87.50%,21.90%,0.43,0.00%, Not an applicable KPI , Not an applicable KPI ,37.00%,0.00%,30%,14.30%,71.60%,27.00%,100.00%, Not an applicable KPI , Not an applicable KPI , Not an applicable KPI , Not an applicable KPI , Not an applicable KPI , Not an applicable KPI , Not an applicable KPI , Not an applicable KPI ,0.20%,21.50%,100.00%,0.00%,64.23%,,0%,0%,0%,0%,5%,7%,3%,2%,0%,0%,14%,5%,5%,5%,0%,0%,0%,0%,3%,50%
65, - ,BT Group PLC,Wireless and Wireline Telecommunications Services,#2/126,United Kingdom,"$21,592 ",92.30%,"$114,108 ",82%,"$17,004 ",23.60%,"$22,100,514 ",76.40%,2.70%,62.10%,6%,43.80%, 54:1,40.00%,"$16,681 ",93.10%,"$726,072 ",100.00%,88.10%,66.60%,86.50%,0.24,50.00%, No data ,0.00%,No data,0.00%,27%,30.80%,64.30%,81.40%,100.00%, Not an applicable KPI ,"$58,117,563 ", No data , Not an applicable KPI , Not an applicable KPI ,0.00%,0.00%, Not an applicable KPI ,8.70%,23.50%,83.30%,5.00%,63.90%,,1%,1%,0%,0%,1%,9%,4%,6%,3%,5%,3%,5%,5%,5%,0%,0%,0%,0%,3%,50%
66,49,Metso Oyj,Machinery Manufacturing,#3/234,Finland,"$2,951 ",34.30%,"$32,665 ",33%,"$3,199 ",16.50%,"$125,779 ",15.60%,1.20%,14.10%,18%,54.10%, 2:1,96.20%,"$4,296 ",74.20%,"$27,282 ",41.90%,83.00%,66.60%,57.80%,0.56,38.50%,0.000076,7.70%,10.00%,61.60%,25%,20.00%,55.50%,48.70%,0.00%,"$12,553,609 ","$298,775,895 ","$2,240,819,209 ", No data ,13.00%,74.90%,66.30%,0.00%,70.80%,32.00%,84.70%,0.00%,63.75%,,1%,1%,1%,0%,7%,4%,4%,4%,4%,1%,4%,5%,5%,5%,0%,1%,1%,0%,3%,50%
67,40,Comerica Incorporated,Banks,#11/427,United States,"$8,051 ",6.60%,"$71,899 ",10%,"$10,177 ",5.50%,"$2,285,309 ",9.90%,Not an applicable KPI,Not an applicable KPI,22%,75.10%, 75:1,9.20%,"$4,959 ",51.70%,"$319,644 ",94.00%,116.50%,84.20%,58.30%, No data ,0.00%, No data ,0.00%,17.00%,20.50%,25%,27.30%,55.50%,74.10%,100.00%, No data , No data , No data , No data ,0.00%,0.00%,0.00%,0.00%,0.00%,1.60%,71.10%,0.00%,63.38%,,0%,0%,0%,0%,0%,11%,5%,12%,2%,0%,5%,5%,5%,5%,0%,0%,0%,0%,0%,50%
68,78,Takeda Pharmaceutical Co Ltd,Biopharmaceuticals,#3/123,Japan,"$2,652 ",35.20%,"$54,661 ",54%,"$3,481 ",55.00%,"$2,147,633 ",64.00%,18.00%,45.30%,13%,37.10%, 161:1,3.50%,"$5,396 ",30.70%,"$61,235 ",25.00%,71.30%,26.30%,23.00%,0.7,8.40%, No data ,0.00%,No data,0.00%,6%,44.00%,0.90%,95.90%,0.00%,"$199,586,733 ","$131,802,560 ","$5,239,151,750 ","$6,985,535,667 ",68.40%,44.10%,78.00%,68.70%,6.90%,16.50%,93.70%,0.00%,62.71%,,0%,0%,0%,0%,15%,5%,2%,5%,1%,1%,2%,5%,5%,5%,0%,0%,0%,0%,3%,50%
69, - ,Assicurazioni Generali SpA,Insurance,#4/212,Italy,"$288,514 ",77.70%,"$1,455,613 ",69%,"$171,695 ",57.40%,"$90,344,826 ",97.70%,No data,0.00%,35%,89.40%,No data,0.00%,"$3,574 ",29.70%,"$21,685 ",17.60%,22.60%,6.20%,22.30%,0.02,77.80%, Not an applicable KPI , Not an applicable KPI ,12.20%,50.00%,38%,12.00%,89.00%,19.80%,100.00%, Not an applicable KPI , Not an applicable KPI , Not an applicable KPI , Not an applicable KPI , Not an applicable KPI , Not an applicable KPI , Not an applicable KPI , Not an applicable KPI ,5.30%,2.40%,79.10%,0.00%,62.71%,,0%,0%,0%,0%,2%,5%,7%,12%,3%,0%,7%,5%,5%,5%,0%,0%,0%,0%,0%,50%
70,68,Acciona SA,Facilities and Construction Services,#2/287,Spain,"$2,363 ",45.30%,"$24,238 ",25%,"$2,472 ",39.70%,"$2,611 ",5.70%,3.00%,96.10%,5%,16.30%, 94:1,4.80%,$5 ,0.00%,$72 ,0.00%,58.90%,30.40%,0.00%,4.65,11.80%,0.00008,63.70%,7.20%,88.30%,27%,18%,64.20%,46.10%,100.00%, Not an applicable KPI ,"$6,002,648 ","$42,768,868 ","$139,561,571 ", Not an applicable KPI ,6.30%,37.50%,100.00%,28.10%,38.60%,84.70%,2.50%,62.35%,,1%,1%,0%,7%,2%,1%,2%,3%,4%,7%,4%,5%,5%,5%,1%,0%,0%,0%,3%,50%
71,58,Novo Nordisk A/S,Biopharmaceuticals,#4/123,Denmark,"$5,675 ",53.80%,"$186,385 ",94%,"$5,289 ",60.70%,"$1,822,428 ",71.50%,12.60%,33.50%,16%,53.10%, 59:1,41.40%,$472 ,0.00%,"$4,183 ",0.00%,39.30%,3.50%,0.00%,0.48,16.70%, -   ,100.00%,11.70%,52.40%,33%,9.10%,77.00%,8.90%,100.00%, No data , No data , No data , No data ,0.00%,0.00%,0.00%,0.00%,13.30%,5.20%,87.50%,2.50%,62.03%,,0%,0%,0%,0%,15%,5%,2%,5%,1%,1%,2%,5%,5%,5%,0%,0%,0%,0%,3%,50%
72,96,Konica Minolta Inc,Computer Peripherals and Systems,#2/22,Japan,"$1,955 ",2.10%,"$38,767 ",2%,"$3,027 ",2.10%,"$14,678,648 ",46.90%,7.50%,93.50%,11%,13.30%, 17:1,100.00%,"$4,228 ",25.00%,"$31,179 ",25.00%,78.40%,60.80%,18.80%,0.09,50.00%, Not an applicable KPI , Not an applicable KPI ,2.00%,100.00%,8%,4.00%,2.50%,2.10%,0.00%,"$47,246,898 ","$137,445,522 ", No data , Not an applicable KPI ,0.00%,0.00%,0.00%, Not an applicable KPI ,4.70%,66.10%,75.00%,0.00%,61.01%,,0%,0%,0%,0%,7%,2%,8%,6%,2%,0%,6%,5%,5%,5%,0%,0%,0%,0%,3%,50%
73, - ,Skandinaviska Enskilda Banken AB,Banks,#13/427,Sweden,"$243,380 ",99.10%,"$735,416 ",73%,"$49,743 ",63.20%,"$11,994,221 ",54.50%,Not an applicable KPI,Not an applicable KPI,21%,73.40%, 13:1,72.60%,"$9,607 ",83.50%,"$228,567 ",88.00%,113.80%,81.40%,80.00%, No data ,0.00%, No data ,0.00%,12.90%,38.70%,33%,18.20%,77.00%,46.20%,100.00%, No data , No data , No data , No data ,0.00%,0.00%,0.00%,0.00%,0.00%,0.90%,52.50%,0.00%,60.76%,,0%,0%,0%,0%,0%,11%,5%,12%,2%,0%,5%,5%,5%,5%,0%,0%,0%,0%,0%,50%
74,69,Tesla Inc,Consumer Vehicles and Parts,#2/256,United States, No data ,0.00%, No data ,0%, No data ,0.00%, No data ,0.00%,9.10%,97.10%,2%,3.80%, 40668:1**,0.00%, No data ,0.00%, No data ,0.00%,No data,0.00%,0.00%, No data ,0.00%, No data ,0.00%,No data,0.00%,27%,20.00%,64.30%,48.70%,0.00%, No data , No data , No data , No data ,0.00%,0.00%,0.00%,0.00%,0.00%,100.00%,100.00%,2.50%,60.47%,,1%,1%,0%,0%,7%,4%,6%,4%,3%,1%,4%,5%,5%,5%,0%,1%,0%,0%,3%,50%
75,71,Westpac Banking Corp,Banks,#14/427,Australia,"$31,961 ",52.50%,"$176,946 ",38%,"$60,121 ",61.10%,"$13,776,400 ",47.50%,Not an applicable KPI,Not an applicable KPI,17%,63.80%, 35:1,31.00%,"$1,353 ",17.60%,"$47,332 ",34.30%,102.80%,68.20%,13.80%,0.08,60.90%, -   ,100.00%,10.00%,56.90%,22%,46.00%,47.30%,96.80%,100.00%, No data , No data , No data , No data ,0.00%,0.00%,0.00%,0.00%,0.00%,1.60%,72.80%,2.50%,60.35%,,0%,0%,0%,0%,0%,11%,5%,12%,2%,0%,5%,5%,5%,5%,0%,0%,0%,0%,0%,50%
76,79,Ucb S.A.,Biopharmaceuticals,#5/123,Belgium,"$12,902 ",94.80%,"$196,312 ",93%,"$8,183 ",73.90%,"$12,228,734 ",76.10%,24.30%,49.80%,27%,80.50%, 27:1,62.10%,"$23,179 ",100.00%,"$113,070 ",50.00%,60.20%,18.40%,75.00%,0.4,29.20%, -   ,100.00%,13.60%,33.40%,31%,25.00%,75.10%,63.80%,100.00%, No data , No data , No data , No data ,0.00%,0.00%,0.00%,0.00%,35.40%,0.80%,56.20%,0.00%,60.15%,,0%,0%,0%,0%,15%,5%,2%,5%,1%,1%,2%,5%,5%,5%,0%,0%,0%,0%,3%,50%
77,81,Workday Inc,Software,#3/69,United States,"$8,262 ",2.30%,"$77,596 ",22%, No data ,0.00%, No data ,0.00%,42.90%,98.90%,3%,20.50%, 52:1**,0.00%,"$2,634 ",40.00%, No data ,0.00%,No data,0.00%,30.00%, No data ,0.00%, Not an applicable KPI , Not an applicable KPI ,9.20%,16.70%,10%,33.00%,6.20%,83.00%,0.00%, Not an applicable KPI , Not an applicable KPI , Not an applicable KPI , Not an applicable KPI , Not an applicable KPI , Not an applicable KPI , Not an applicable KPI , Not an applicable KPI ,0.00%,75.00%,71.40%,0.00%,60.09%,,0%,0%,0%,0%,17%,7%,2%,3%,1%,0%,2%,5%,5%,5%,0%,0%,0%,0%,3%,50%
78, - ,Merck & Co Inc,Biopharmaceuticals,#6/123,United States,"$2,285 ",16.90%,"$36,050 ",33%,"$2,063 ",28.30%,"$781,370 ",35.10%,24.60%,50.40%,26%,79.80%, 228:1**,0.00%,"$4,797 ",23.00%,"$278,203 ",100.00%,90.00%,72.80%,35.50%,0.3,41.70%,0.000029,0.00%,11.80%,47.70%,23%,32.00%,54.20%,82.80%,0.00%,"$104,688,119 ","$85,615,385 ","$1,409,800,000 ", No data ,37.10%,30.50%,43.80%,0.00%,68.60%,3.30%,81.20%,5.00%,59.51%,,0%,0%,0%,0%,15%,5%,2%,5%,1%,1%,2%,5%,5%,5%,0%,0%,0%,0%,3%,50%
79,5,GlaxoSmithKline PLC,Biopharmaceuticals,#7/123,United Kingdom,"$3,173 ",41.90%,"$31,312 ",21%,"$3,458 ",56.00%,"$1,368,341 ",44.40%,13.50%,36.40%,18%,57.90%, 60:1,38.00%,"$8,149 ",73.00%,"$270,299 ",95.00%,88.20%,68.40%,70.60%,0.3,41.70%, -   ,100.00%,No data,0.00%,45%,25.00%,95.80%,63.80%,100.00%, No data , No data , No data , No data ,0.00%,0.00%,0.00%,0.00%,11.00%,2.40%,68.70%,2.50%,59.35%,,0%,0%,0%,0%,15%,5%,2%,5%,1%,1%,2%,5%,5%,5%,0%,0%,0%,0%,3%,50%
80,83,Samsung SDI Co Ltd,Electrical Equipment and Power Systems,#3/130,South Korea,$567 ,5.00%,"$9,508 ",21%, No data ,0.00%, No data ,0.00%,8.10%,92.10%,24%,81.90%,No data,0.00%,"$3,069 ",62.50%,"$23,818 ",66.60%,87.70%,65.20%,54.80%, No data ,0.00%, No data ,0.00%,17.90%,50.00%,0%,0.00%,0.00%,0.00%,0.00%, No data , No data , No data , No data ,0.00%,0.00%,0.00%,0.00%,1.90%,75.90%,98.10%,5.00%,58.78%,,1%,1%,0%,0%,8%,4%,3%,4%,5%,2%,4%,5%,5%,5%,0%,0%,0%,0%,3%,50%
81, - ,Intel Corporation,Semiconductor Manufacturing,#1/42,United States,"$5,179 ",34.20%,"$27,482 ",39%,"$1,462 ",35.50%,"$1,636,212 ",35.60%,20.40%,66.00%,13%,67.20%, 156:1**,0.00%,"$5,121 ",80.00%,"$28,184 ",88.80%,76.10%,63.10%,73.00%,0.11,50.00%, Not an applicable KPI , Not an applicable KPI ,4.80%,92.40%,22%,30.80%,47.30%,81.40%,100.00%,"$275,673,152 ","$208,376,471 ", No data , Not an applicable KPI ,75.00%,0.00%,0.00%, Not an applicable KPI ,36.80%,17.40%,51.80%,0.00%,58.36%,,1%,1%,0%,0%,17%,5%,2%,3%,1%,0%,2%,5%,5%,5%,0%,0%,0%,0%,3%,50%
82,17,Analog Devices Inc,Semiconductor Manufacturing,#2/42,United States,"$5,867 ",54.70%,"$42,755 ",58%,"$2,588 ",60.50%,"$3,870,750 ",57.10%,18.90%,61.70%,18%,85.40%, 107:1,12.50%,"$1,376 ",20.00%,"$5,358 ",55.50%,68.50%,57.80%,18.30%,0.41,12.50%, Not an applicable KPI , Not an applicable KPI ,7.00%,61.60%,27%,22.00%,63.90%,58.90%,0.00%,"$151,242,488 ","$387,558,875 ","$26,960,617,391 ", Not an applicable KPI ,81.30%,56.30%,37.50%, Not an applicable KPI ,77.10%,33.00%,62.90%,0.00%,58.09%,,1%,1%,0%,0%,17%,5%,2%,3%,1%,0%,2%,5%,5%,5%,0%,0%,0%,0%,3%,50%
83, - ,IGM Financial Inc,Investment Services,#2/178,Canada,"$254,983 ",88.20%,"$3,419,014 ",80%,"$14,863 ",7.00%,"$45,130,987 ",91.70%,3.20%,93.60%,17%,60.90%, 53:1,18.20%,"$10,250 ",70.30%,"$92,313 ",40.00%,82.00%,44.30%,52.70%,6,0.00%, Not an applicable KPI , Not an applicable KPI ,18.60%,8.70%,33%,30.90%,77.00%,82.20%,100.00%, Not an applicable KPI , Not an applicable KPI , No data , Not an applicable KPI , Not an applicable KPI , Not an applicable KPI ,0.00%, Not an applicable KPI ,0.00%,2.90%,62.50%,0.00%,57.46%,,0%,0%,1%,0%,4%,7%,4%,8%,5%,0%,5%,5%,5%,5%,0%,0%,0%,1%,0%,50%
84, - ,Canadian Solar Inc,Electrical Equipment and Power Systems,#4/130,Canada, No data ,0.00%, No data ,0%,$591 ,0.00%,"$146,405 ",12.50%,0.90%,11.20%,20%,74.20%,No data,0.00%,"$1,909 ",50.00%, No data ,0.00%,No data,0.00%,37.50%, No data ,0.00%, -   ,100.00%,No data,0.00%,0%,0.00%,0.00%,0.00%,0.00%, No data , No data , No data , No data ,0.00%,0.00%,0.00%,0.00%,2.30%,100.00%,100.00%,0.00%,57.43%,,1%,1%,0%,0%,8%,4%,3%,4%,5%,2%,4%,5%,5%,5%,0%,0%,0%,0%,3%,50%
85, - ,Byd Co Ltd,Consumer Vehicles and Parts,#3/256,China,"$2,051 ",25.00%,"$12,788 ",16%,"$1,150 ",12.70%,"$93,221 ",5.90%,4.00%,76.40%,5%,10.60%, 226:1,9.10%, No data ,0.00%, No data ,0.00%,No data,0.00%,0.00%, No data ,0.00%, No data ,0.00%,No data,0.00%,17%,17%,31.70%,36.00%,0.00%,"$335,191,655 ","$934,603,263 ", No data , No data ,0.00%,75.00%,0.00%,0.00%,0.00%,24.20%,91.80%,0.00%,56.31%,,1%,1%,0%,0%,7%,4%,6%,4%,3%,1%,4%,5%,5%,5%,0%,1%,0%,0%,3%,50%
86,92,Kao Corporation,Personal Care and Cleaning Products,#4/53,Japan,$797 ,17.50%,"$14,517 ",13%,$847 ,6.80%,"$886,402 ",52.40%,3.80%,88.10%,21%,47.20%, 20:1,66.70%,"$7,718 ",83.30%,"$76,803 ",71.40%,75.60%,35.70%,64.30%,3.9,0.00%, -   ,100.00%,0.70%,100.00%,0%,7.00%,0.00%,4.10%,0.00%,"$1,506,882,911 ","$29,259,862 ","$89,695,411 ", No data ,100.00%,46.90%,45.00%,0.00%,0.00%,14.50%,71.40%,1.00%,55.47%,,1%,1%,0%,1%,3%,5%,5%,7%,2%,3%,4%,5%,5%,5%,0%,0%,0%,0%,3%,50%
87, - ,BASF SE,Specialty and Performance Chemicals,#2/101,Germany,$620 ,76.00%,"$4,065 ",52%,$13 ,0.60%,"$62,341 ",23.20%,3.20%,61.70%,15%,63.30%, 73:1,11.20%,"$9,935 ",92.30%,"$222,473 ",90.90%,72.30%,43.00%,77.70%,0.3,50.00%,0.000025,0.00%,2.70%,90.00%,33%,14%,77.00%,27.00%,0.00%,"$17,627,242 ","$8,264,004 ","$48,506,308 ","$37,766,216 ",56.30%,49.70%,59.80%,0.00%,31.30%,27.70%,70.00%,1.00%,54.23%,,3%,4%,7%,1%,2%,2%,1%,5%,1%,2%,1%,5%,5%,5%,1%,1%,0%,1%,3%,50%
88, - ,Cogeco Communications Inc,Wireless and Wireline Telecommunications Services,#3/126,Canada,"$1,768 ",14.00%,"$43,999 ",64%, No data ,0.00%, No data ,0.00%,No data,0.00%,9%,57.50%, 68:1,32.00%,"$1,776 ",17.20%,"$7,975 ",11.10%,101.20%,91.20%,13.50%,1.15,14.30%, -   ,100.00%,14.00%,42.40%,50%,25.00%,96.80%,63.80%,100.00%, Not an applicable KPI , No data , No data , Not an applicable KPI , Not an applicable KPI ,0.00%,0.00%, Not an applicable KPI ,5.00%,0.00%,58.30%,2.50%,53.94%,,1%,1%,0%,0%,1%,9%,4%,6%,3%,5%,3%,5%,5%,5%,0%,0%,0%,0%,3%,50%
89, - ,Panasonic Corporation,Computer Hardware,#5/39,Japan, No data ,0.00%, No data ,0%,"$3,239 ",62.70%, No data ,0.00%,5.80%,64.80%,9%,33.90%, 41:1,0.00%,"$2,411 ",55.50%,"$70,748 ",85.70%,89.10%,75.70%,57.00%,0.02,100.00%, Not an applicable KPI , Not an applicable KPI ,No data,0.00%,8%,0.00%,2.60%,0.00%,0.00%, No data , No data , No data , No data ,0.00%,0.00%,0.00%,0.00%,1.10%,10.60%,92.60%,5.00%,53.64%,,1%,1%,0%,0%,11%,5%,4%,4%,1%,0%,5%,5%,5%,5%,0%,0%,0%,0%,3%,50%
90, - ,Vitasoy International Holdings Ltd,Food and Beverage Production,#2/295,Hong Kong, No data ,0.00%, No data ,0%, No data ,0.00%, No data ,0.00%,No data,0.00%,13%,38.10%,No data,0.00%, No data ,0.00%, No data ,0.00%,76.70%,46.00%,0.00%,0.86,39.30%, No data ,0.00%,23.90%,8.00%,18%,0.00%,37.20%,0.00%,0.00%, No data , No data , No data , No data ,0.00%,0.00%,0.00%,0.00%,0.00%,50.00%,95.60%,0.00%,52.69%,,1%,1%,1%,2%,1%,3%,6%,2%,4%,7%,3%,5%,5%,5%,0%,0%,1%,0%,3%,50%
91,37,Teck Resources Limited,Metal Ore Mining,#3/103,Canada,$313 ,63.40%,"$3,412 ",76%,$29 ,9.30%,"$112,008 ",66.30%,0.40%,8.40%,16%,67.20%, 72:1,37.20%,"$6,656 ",76.10%,"$181,203 ",73.30%,114.00%,97.60%,74.80%,0.36,45.50%,0.000187,24.00%,8.00%,82.20%,29%,16.20%,71.20%,35.90%,100.00%,"$113,067,709 ","$5,590,570 ","$2,749,911 ","$228,944 ",75.00%,70.60%,63.50%,16.60%,57.00%,0.90%,52.10%,1.00%,52.62%,,1%,2%,2%,8%,0%,1%,1%,1%,1%,5%,1%,5%,5%,5%,2%,0%,5%,3%,3%,50%
92,95,Toyota Motor Corporation,Consumer Vehicles and Parts,#4/256,Japan,"$3,312 ",52.20%,"$39,481 ",53%,"$8,962 ",70.30%,"$3,432,176 ",64.90%,3.60%,72.10%,21%,80.90%,No data,0.00%,"$1,623 ",39.20%,"$66,908 ",65.20%,75.50%,51.00%,33.50%,0.08,100.00%, No data ,0.00%,1.00%,95.00%,13%,7.70%,23.60%,6.40%,0.00%, No data , No data , No data , No data ,0.00%,0.00%,0.00%,0.00%,10.10%,14.70%,70.20%,2.50%,52.19%,,1%,1%,0%,0%,7%,4%,6%,4%,3%,1%,4%,5%,5%,5%,0%,1%,0%,0%,3%,50%
93,85,Campbell Soup Company,Food and Beverage Production,#3/295,United States,$833 ,14.50%,"$11,817 ",30%,$273 ,11.20%,"$218,667 ",38.80%,1.50%,88.40%,23%,82.30%, 141:1**,0.00%,"$3,183 ",69.20%,"$137,136 ",93.70%,95.40%,81.10%,70.60%,1.18,32.20%,0.00006,26.70%,17.00%,40.00%,33%,14.00%,76.10%,26.60%,0.00%, No data , No data , No data , No data ,0.00%,0.00%,0.00%,0.00%,38.20%,10.70%,69.50%,0.00%,51.43%,,1%,1%,1%,2%,1%,3%,6%,2%,4%,7%,3%,5%,5%,5%,0%,0%,1%,0%,3%,50%
94,54,Industria de Diseno Textil SA,Apparel and Accessories Retail,#2/64,Spain,"$9,066 ",29.20%,"$72,691 ",22%,"$29,397 ",68.80%,"$14,237,134 ",75.00%,0.90%,50.00%,19%,51.70%, 357:1,0.00%, No data ,0.00%, No data ,0.00%,No data,0.00%,0.00%,3.8,0.00%, Not an applicable KPI , Not an applicable KPI ,55.00%,25.00%,33%,13%,76.10%,19.90%,0.00%, Not an applicable KPI , Not an applicable KPI , Not an applicable KPI , Not an applicable KPI , Not an applicable KPI , Not an applicable KPI , Not an applicable KPI , Not an applicable KPI ,11.50%,8.50%,80.00%,0.00%,51.19%,,0%,1%,0%,0%,1%,4%,11%,1%,2%,0%,11%,5%,5%,5%,0%,0%,0%,0%,3%,50%
95, - ,Singapore Telecommunications Limited,Wireless and Wireline Telecommunications Services,#4/126,Singapore,"$6,529 ",71.20%,"$35,896 ",48%,"$24,294 ",39.30%,"$4,477,797 ",25.20%,8.30%,89.10%,14%,84.90%, 43:1,52.00%,"$10,881 ",82.70%, No data ,0.00%,No data,0.00%,62.00%,0.18,64.30%, -   ,100.00%,17.80%,19.30%,33%,36%,77.00%,89.70%,100.00%, Not an applicable KPI , No data , No data , Not an applicable KPI , Not an applicable KPI ,0.00%,0.00%, Not an applicable KPI ,8.70%,0.00%,33.30%,2.50%,50.59%,,1%,1%,0%,0%,1%,9%,4%,6%,3%,5%,3%,5%,5%,5%,0%,0%,0%,0%,3%,50%
96, - ,Telus Corporation,Wireless and Wireline Telecommunications Services,#5/126,Canada,"$2,739 ",37.00%,"$34,291 ",49%,"$19,377 ",37.90%,"$2,371,695 ",12.20%,1.80%,48.60%,8%,48.60%, 230:1,0.00%,"$1,971 ",20.60%,"$127,292 ",72.20%,103.70%,92.90%,31.70%,0.6,28.60%, -   ,100.00%,14.00%,42.40%,36%,25.00%,84.50%,63.80%,100.00%, Not an applicable KPI , No data , No data , Not an applicable KPI , Not an applicable KPI ,0.00%,0.00%, Not an applicable KPI ,8.70%,0.00%,41.60%,0.00%,47.85%,,1%,1%,0%,0%,1%,9%,4%,6%,3%,5%,3%,5%,5%,5%,0%,0%,0%,0%,3%,50%
97, - ,Lenovo Group Ltd,Computer Peripherals and Systems,#3/22,China,"$122,128 ",100.00%,"$246,142 ",50%,"$36,684 ",72.90%,"$773,302,167 ",100.00%,2.00%,12.90%,24%,86.60%, 22:1,66.70%,"$37,202 ",100.00%,"$60,763 ",50.00%,45.90%,8.60%,75.00%,0.03,100.00%, Not an applicable KPI , Not an applicable KPI ,18.00%,33.40%,8%,19.00%,2.50%,48.40%,0.00%, No data , No data , No data , Not an applicable KPI ,0.00%,0.00%,0.00%, Not an applicable KPI ,58.90%,34.80%,50.00%,0.00%,46.16%,,0%,0%,0%,0%,7%,2%,8%,6%,2%,0%,6%,5%,5%,5%,0%,0%,0%,0%,3%,50%
98,98,L'Oreal SA,Personal Care and Cleaning Products,#6/53,France,"$29,314 ",90.80%,"$427,977 ",90%,"$14,018 ",72.50%,"$10,263,603 ",91.40%,3.40%,84.70%,21%,50.00%, 146:1,0.00%,"$9,096 ",91.60%,"$61,657 ",14.20%,90.60%,71.40%,68.70%,1.02,14.30%, No data ,0.00%,13.90%,50.00%,53%,31.60%,98.70%,82.70%,100.00%,"$222,498,100 ", No data ,"$19,023,587,571 ", No data ,46.90%,0.00%,100.00%,0.00%,3.60%,0.20%,28.50%,0.00%,42.76%,,1%,1%,0%,1%,3%,5%,5%,7%,2%,3%,4%,5%,5%,5%,0%,0%,0%,0%,3%,50%
99,88,Kesko Corporation,Food and Beverage Retail,#1/124,Finland,"$11,500 ",53.60%,"$116,425 ",56%,"$12,290 ",62.50%,"$2,450,697 ",84.40%,0.10%,73.30%,19%,58.40%, 78:1,55.60%, $-   ,0.00%,"$24,276 ",0.00%,158.20%,100.00%,0.00%,2.6,33.40%, Not an applicable KPI , Not an applicable KPI ,40.00%,28.60%,29%,12.50%,67.10%,19.90%,0.00%, Not an applicable KPI ,"$106,267,911 ", Not an applicable KPI , Not an applicable KPI , Not an applicable KPI ,0.00%, Not an applicable KPI , Not an applicable KPI ,16.00%,2.60%,50.00%,1.00%,41.30%,,0%,1%,0%,0%,0%,1%,7%,1%,14%,0%,7%,5%,5%,5%,0%,0%,0%,0%,3%,50%
100,31,Amundi SA,Investment Services,#6/178,France,"$74,284 ",66.70%,"$1,732,458 ",77%,"$181,640 ",85.30%,"$59,044,119 ",94.20%,No data,0.00%,31%,87.10%, 15:1,55.70%,"$13,286 ",77.70%,"$15,756 ",10.00%,40.40%,6.90%,58.30%,5.4,12.50%, Not an applicable KPI , Not an applicable KPI ,13.80%,26.10%,42%,22.00%,92.30%,58.90%,100.00%, Not an applicable KPI , Not an applicable KPI , No data , Not an applicable KPI , Not an applicable KPI , Not an applicable KPI ,0.00%, Not an applicable KPI ,0.00%,0.10%,18.70%,0.00%,37.71%,,0%,0%,1%,0%,4%,7%,4%,8%,5%,0%,5%,5%,5%,5%,0%,0%,0%,1%,0%,50%
